{"version":6,"validation":{"int8":{"support":3658752,"confusion_matrix":[[3658160,185],[64,343]],"non_background":{"precision":0.6496212121212122,"recall":0.8427518427518428,"f1":0.7336898395721926},"classification_report":{"0":{"precision":0.9999825051719086,"recall":0.9999494306851869,"f1-score":0.999965967655058,"support":3658345},"1":{"precision":0.6496212121212122,"recall":0.8427518427518428,"f1-score":0.7336898395721926,"support":407},"accuracy":0.9999319440071368,"macro avg":{"precision":0.8248018586465604,"recall":0.9213506367185149,"f1-score":0.8668279036136253,"support":3658752},"weighted avg":{"precision":0.9999435309407304,"recall":0.9999319440071368,"f1-score":0.999936347067456,"support":3658752}},"class_names":["_background","Skier"]},"float32":{"support":3658752,"confusion_matrix":[[3658164,182],[55,351]],"non_background":{"precision":0.6585365853658537,"recall":0.8645320197044335,"f1":0.7476038338658147},"classification_report":{"0":{"precision":0.9999849653615598,"recall":0.9999502507417286,"f1-score":0.9999676077503582,"support":3658346},"1":{"precision":0.6585365853658537,"recall":0.8645320197044335,"f1-score":0.7476038338658147,"support":406},"accuracy":0.9999352238140218,"macro avg":{"precision":0.8292607753637067,"recall":0.932241135223081,"f1-score":0.8737857208080865,"support":3658752},"weighted avg":{"precision":0.9999470759276001,"recall":0.9999352238140218,"f1-score":0.9999396037500332,"support":3658752}},"class_names":["_background","Skier"]}}}